INSERT INTO users.role(name) VALUES ('viewer'), ('admin');
insert into users.user (id, role_id, full_name, email, password_hash) values (1, 1, 'Terri Chappelle', 'tchappelle0@com.com', '72ee94ef18e92c3bfaee67f16fdfa6abb55d24dee279f62f714b737a9466af54');
insert into users.user (id, role_id, full_name, email, password_hash) values (2, 1, 'Ivie Waberer', 'iwaberer1@blinklist.com', '13d084898c7d56b345830e98e0b521021d8f757c5422ac71c94a15fb30ded444');
insert into users.user (id, role_id, full_name, email, password_hash) values (3, 1, 'Saunderson Braundt', 'sbraundt2@cnbc.com', '73801b4f8a8d6aaf356dd9fa838e53cf4eaab8d6afeb9456beb5ee38415c8aba');
insert into users.user (id, role_id, full_name, email, password_hash) values (4, 1, 'Fidelio Chasteau', 'fchasteau3@deviantart.com', '8199ad5a8734b525f8f990587159517b0cb54552033de2158ae5b703025cbf31');
insert into users.user (id, role_id, full_name, email, password_hash) values (5, 1, 'Zsa zsa Skerratt', 'zzsa4@4shared.com', '13c8db49a760a951a69b134fc6013e6463be369ec57c033bb2426d6bccce074e');
insert into users.user (id, role_id, full_name, email, password_hash) values (6, 1, 'Jyoti Seston', 'jseston5@bloglovin.com', 'b5b98becfdeba0debaf8ff624e1df56eeb27122c1058a19ffa0c8bcd7808a6dd');
insert into users.user (id, role_id, full_name, email, password_hash) values (7, 1, 'Bekki Howell', 'bhowell6@devhub.com', 'd605654b046a7929a8f433d3adcda0acc0757c5f401d71126be14216aa2a6eaf');
insert into users.user (id, role_id, full_name, email, password_hash) values (8, 1, 'Frederico Colliss', 'fcolliss7@smh.com.au', 'efab0a0513fd34e1939edad27e301019591e7fb8b23f6b338664942208dc25ed');
insert into users.user (id, role_id, full_name, email, password_hash) values (9, 1, 'Ramsay Haythorne', 'rhaythorne8@surveymonkey.com', 'd30ad62668f01fc4b9490ef08112765436870766892df6960e44841392d39266');
insert into users.user (id, role_id, full_name, email, password_hash) values (10, 1, 'Nessi Darragh', 'ndarragh9@state.tx.us', 'ea78e15f8536fcdbd36d0d2776a875f35f268587b1ed81aba3770856bcf59631');
insert into users.user (id, role_id, full_name, email, password_hash) values (11, 2, 'Cindie Meek', 'cmeeka@arstechnica.com', 'c0394e0aedee72fd42634b7585c42ffd2181ceaf0e228736a60b66251876ce1e');
insert into users.user (id, role_id, full_name, email, password_hash) values (12, 2, 'Cher Ragbourn', 'cragbournb@chronoengine.com', 'd8a93ad5e2637b42b0014778928a7f65de6449d1503ec03f1b4fc383d71c8f9b');
insert into users.user (id, role_id, full_name, email, password_hash) values (13, 2, 'Seamus Andersson', 'sanderssonc@bloglovin.com', '1e8f13b06d822ab3c158f4f876548012d138e1220d67e902ac0411448a2dff3c');
insert into users.user (id, role_id, full_name, email, password_hash) values (14, 2, 'Robbert Le Noury', 'rled@wsj.com', '07c45c42c8812ab9b4a39c8facc4c0e3f0eef115ad5ec83a6fe637f7793f3ab4');
insert into users.user (id, role_id, full_name, email, password_hash) values (15, 2, 'Joelly Hardeman', 'jhardemane@wikispaces.com', 'b48d74c5f05091b809a2dd563d0e6c6d964ed3b7082e06a2fc47f4db3d3fbc37');
insert into users.user (id, role_id, full_name, email, password_hash) values (16, 2, 'Dalia Silliman', 'dsillimanf@friendfeed.com', 'a718e4eaf45872070980f59ddf09cad59f06612b98559330155b03c6538a7215');
insert into users.user (id, role_id, full_name, email, password_hash) values (17, 2, 'Reggie Ephson', 'rephsong@chron.com', 'df89f2723d4de47c7a48c9600241991f70dd2c4ef41fee60bcf48b495bce1766');
insert into users.user (id, role_id, full_name, email, password_hash) values (18, 2, 'Cory Aberkirder', 'caberkirderh@ucla.edu', '564be9c64b2bf14aa716135ec174ce6f4833b9740ca30ef0231cd9ae1faa588a');
insert into users.user (id, role_id, full_name, email, password_hash) values (19, 2, 'Hilton Slate', 'hslatei@stumbleupon.com', 'f311b3392dbdfd6ce5795536b6e38da2f584858dd687710c638a95510188b82a');
insert into users.user (id, role_id, full_name, email, password_hash) values (20, 2, 'Joachim Staveley', 'jstaveleyj@wisc.edu', '85d849b41aedc8bc2139d44e128a947bc0143267b4e3ec9aed6a3b370854e496');
insert into departments.faculty (name, url) values ('sollicitudin vitae consectetuer', 'https://freewebs.com/quis/orci/nullam/molestie/nibh.xml');
insert into departments.faculty (name, url) values ('nec dui luctus rutrum nulla tellus in', null);
insert into departments.faculty (name, url) values ('at nunc commodo placerat', 'https://google.nl/ut/dolor/morbi/vel.xml');
insert into departments.faculty (name, url) values ('morbi vel lectus in quam', null);
insert into departments.faculty (name, url) values ('sagittis dui vel nisl duis ac nibh', 'http://whitehouse.gov/in/eleifend/quam/a/odio/in/hac.json');
insert into departments.department (name, faculty_id, url) values ('id luctus nec molestie', 3, 'http://liveinternet.ru/cursus/id/turpis/integer/aliquet.xml');
insert into departments.department (name, faculty_id, url) values ('semper rutrum nulla', 3, null);
insert into departments.department (name, faculty_id, url) values ('fermentum donec ut', 3, 'https://livejournal.com/sollicitudin/ut/suscipit.jpg');
insert into departments.department (name, faculty_id, url) values ('fusce congue diam id ornare imperdiet', 5, 'https://wix.com/quam/suspendisse/potenti/nullam/porttitor/lacus/at.png');
insert into departments.department (name, faculty_id, url) values ('convallis nunc proin at', 2, 'http://umich.edu/cursus/id/turpis/integer/aliquet/massa/id.js');
insert into departments.department (name, faculty_id, url) values ('nulla facilisi cras non velit nec', 3, 'http://biglobe.ne.jp/ultrices/posuere/cubilia/curae/donec/pharetra/magna.xml');
insert into departments.department (name, faculty_id, url) values ('mauris laoreet ut rhoncus', 5, 'https://webnode.com/amet/consectetuer/adipiscing.aspx');
insert into departments.department (name, faculty_id, url) values ('rutrum at lorem integer', 1, 'https://tripadvisor.com/mauris/viverra/diam/vitae/quam/suspendisse.jsp');
insert into departments.department (name, faculty_id, url) values ('ut tellus nulla', 1, 'https://ed.gov/risus.html');
insert into departments.department (name, faculty_id, url) values ('non velit donec diam', 2, 'https://army.mil/blandit/non/interdum/in/ante/vestibulum/ante.json');
insert into departments.department (name, faculty_id, url) values ('phasellus sit amet', 3, 'https://ow.ly/libero/non/mattis/pulvinar/nulla.xml');
insert into departments.department (name, faculty_id, url) values ('potenti in eleifend quam a odio', 4, null);
insert into departments.department (name, faculty_id, url) values ('nunc purus phasellus', 2, 'http://indiatimes.com/nunc/rhoncus/dui/vel.jsp');
insert into departments.department (name, faculty_id, url) values ('ut volutpat sapien arcu sed', 5, 'https://themeforest.net/nec/sem/duis.png');
insert into departments.department (name, faculty_id, url) values ('in faucibus orci luctus et ultrices', 4, null);
insert into departments.department (name, faculty_id, url) values ('at turpis a pede', 2, 'https://printfriendly.com/nunc/purus/phasellus/in.js');
insert into departments.department (name, faculty_id, url) values ('vestibulum ante ipsum', 5, 'https://sogou.com/sit.xml');
insert into departments.department (name, faculty_id, url) values ('sociis natoque penatibus et', 2, 'https://dell.com/ac/nibh/fusce.js');
insert into departments.department (name, faculty_id, url) values ('sagittis dui vel nisl', 4, 'https://senate.gov/commodo/placerat/praesent/blandit.jsp');
insert into departments.department (name, faculty_id, url) values ('libero rutrum ac lobortis', 3, 'https://comcast.net/dolor/morbi/vel/lectus/in/quam.html');
insert into events.tag (name, color) values ('ameliorated', '#f63d42');
insert into events.tag (name, color) values ('support', '#041e24');
insert into events.tag (name, color) values ('disintermediate', '#2829d4');
insert into events.tag (name, color) values ('portal', '#da6f6b');
insert into events.tag (name, color) values ('proactive', '#d57357');
insert into events.tag (name, color) values ('upward-trending', '#e84b61');
insert into events.tag (name, color) values ('structure', '#6c7e9f');
insert into events.tag (name, color) values ('methodical', '#798bea');
insert into events.tag (name, color) values ('architecture', '#109388');
insert into events.tag (name, color) values ('advanced', '#100137');
insert into events.tag (name, color) values ('collaboration', '#6d11fa');
insert into events.tag (name, color) values ('versatile', '#169b93');
insert into events.tag (name, color) values ('decentralized', '#fdccc6');
insert into events.tag (name, color) values ('pricing', '#e86b4b');
insert into events.tag (name, color) values ('triple-buffered', '#905730');
insert into events.tag (name, color) values ('hierarchy', '#186ee4');
insert into events.tag (name, color) values ('directional', '#4e6f39');
insert into events.tag (name, color) values ('projection', '#d794ff');
insert into events.tag (name, color) values ('programmable', '#13164d');
insert into events.tag (name, color) values ('groupware', '#036de8');
insert into events.event (creator_user_id, title, description, department_id, starts_at, ends_at) values (16, 'Etiam vel augue.', 'Donec posuere metus vitae ipsum. Aliquam non mauris. Morbi non lectus.', 10, '2024-01-24 12:41:26', '2024-01-24 18:19:26');
insert into events.event (creator_user_id, title, description, department_id, starts_at, ends_at) values (17, 'Donec posuere metus vitae ipsum.', 'Curabitur gravida nisi at nibh. In hac habitasse platea dictumst. Aliquam augue quam, sollicitudin vitae, consectetuer eget, rutrum at, lorem. Integer tincidunt ante vel ipsum.', 5, '2025-11-22 11:38:42', '2025-11-22 12:20:42');
insert into events.event (creator_user_id, title, description, department_id, starts_at, ends_at) values (17, 'Nunc purus.', 'In est risus, auctor sed, tristique in, tempus sit amet, sem. Fusce consequat.', 13, '2023-08-27 10:38:10', '2023-08-27 15:46:10');
insert into events.event (creator_user_id, title, description, department_id, starts_at, ends_at) values (15, 'Sed ante.', 'Vestibulum ac est lacinia nisi venenatis tristique. Fusce congue, diam id ornare imperdiet, sapien urna pretium nisl, ut volutpat sapien arcu sed augue.', 12, '2024-10-04 14:40:51', '2024-10-04 21:27:51');
insert into events.event (creator_user_id, title, description, department_id, starts_at, ends_at) values (13, 'Morbi vestibulum, velit id pretium iaculis, diam erat fermentum justo, nec condimentum neque sapien placerat ante.', 'Proin eu mi. Nulla ac enim. In tempor, turpis nec euismod scelerisque, quam turpis adipiscing lorem, vitae mattis nibh ligula nec sem. Duis aliquam convallis nunc. Proin at turpis a pede posuere nonummy.', 9, '2025-10-31 22:15:05', '2025-11-02 04:48:05');
insert into events.event (creator_user_id, title, description, department_id, starts_at, ends_at) values (11, 'Morbi sem mauris, laoreet ut, rhoncus aliquet, pulvinar sed, nisl.', 'Mauris ullamcorper purus sit amet nulla. Quisque arcu libero, rutrum ac, lobortis vel, dapibus at, diam. Nam tristique tortor eu pede.', 6, '2025-12-23 23:07:41', '2025-12-24 08:51:41');
insert into events.event (creator_user_id, title, description, department_id, starts_at, ends_at) values (16, 'Aliquam sit amet diam in magna bibendum imperdiet.', 'Curabitur convallis. Duis consequat dui nec nisi volutpat eleifend. Donec ut dolor. Morbi vel lectus in quam fringilla rhoncus. Mauris enim leo, rhoncus sed, vestibulum sit amet, cursus id, turpis.', 2, '2025-05-25 10:05:35', '2025-05-26 03:13:35');
insert into events.event (creator_user_id, title, description, department_id, starts_at, ends_at) values (14, 'Cras pellentesque volutpat dui.', 'Cras pellentesque volutpat dui. Maecenas tristique, est et tempus semper, est quam pharetra magna, ac consequat metus sapien ut nunc. Vestibulum ante ipsum primis in faucibus orci luctus et ultrices posuere cubilia Curae; Mauris viverra diam vitae quam. Suspendisse potenti. Nullam porttitor lacus at turpis.', 15, '2024-08-07 23:10:37', '2024-08-08 12:09:37');
insert into events.event (creator_user_id, title, description, department_id, starts_at, ends_at) values (13, 'Integer pede justo, lacinia eget, tincidunt eget, tempus vel, pede.', 'Vivamus in felis eu sapien cursus vestibulum. Proin eu mi. Nulla ac enim. In tempor, turpis nec euismod scelerisque, quam turpis adipiscing lorem, vitae mattis nibh ligula nec sem.', 12, '2023-11-05 21:53:38', '2023-11-06 14:08:38');
insert into events.event (creator_user_id, title, description, department_id, starts_at, ends_at) values ( 11, 'Duis bibendum, felis sed interdum venenatis, turpis enim blandit mi, in porttitor pede justo eu massa.', 'Fusce posuere felis sed lacus. Morbi sem mauris, laoreet ut, rhoncus aliquet, pulvinar sed, nisl. Nunc rhoncus dui vel sem. Sed sagittis.', 7, '2023-10-25 10:19:21', '2023-10-26 08:42:21');
insert into events.event (creator_user_id, title, description, department_id, starts_at, ends_at) values ( 14, 'In hac habitasse platea dictumst.', 'Duis ac nibh.', 14, '2025-01-08 21:04:39', '2025-01-09 20:30:39');
insert into events.event (creator_user_id, title, description, department_id, starts_at, ends_at) values ( 12, 'Mauris enim leo, rhoncus sed, vestibulum sit amet, cursus id, turpis.', 'Morbi sem mauris, laoreet ut, rhoncus aliquet, pulvinar sed, nisl. Nunc rhoncus dui vel sem. Sed sagittis.', 5, '2023-07-26 04:16:29', '2023-07-27 09:03:29');
insert into events.event (creator_user_id, title, description, department_id, starts_at, ends_at) values ( 18, 'Aliquam erat volutpat.', 'Vestibulum rutrum rutrum neque. Aenean auctor gravida sem. Praesent id massa id nisl venenatis lacinia. Aenean sit amet justo. Morbi ut odio.', 17, '2024-11-17 23:06:20', '2024-11-18 18:39:20');
insert into events.event (creator_user_id, title, description, department_id, starts_at, ends_at) values ( 14, 'Maecenas tristique, est et tempus semper, est quam pharetra magna, ac consequat metus sapien ut nunc.', 'Sed ante. Vivamus tortor.', 11, '2023-05-21 03:17:36', '2023-05-22 08:01:36');
insert into events.event (creator_user_id, title, description, department_id, starts_at, ends_at) values ( 12, 'Pellentesque viverra pede ac diam.', 'Nulla ac enim.', 18, '2025-02-28 22:41:32', '2025-03-01 16:26:32');
insert into events.event (creator_user_id, title, description, department_id, starts_at, ends_at) values ( 13, 'In congue.', 'Sed ante. Vivamus tortor. Duis mattis egestas metus.', 5, '2024-07-09 00:11:43', '2024-07-10 03:31:43');
insert into events.event (creator_user_id, title, description, department_id, starts_at, ends_at) values ( 14, 'In est risus, auctor sed, tristique in, tempus sit amet, sem.', 'Nulla suscipit ligula in lacus.', 10, '2023-06-01 20:10:21', '2023-06-02 06:04:21');
insert into events.event (creator_user_id, title, description, department_id, starts_at, ends_at) values ( 19, 'Quisque porta volutpat erat.', 'Vestibulum ante ipsum primis in faucibus orci luctus et ultrices posuere cubilia Curae; Nulla dapibus dolor vel est. Donec odio justo, sollicitudin ut, suscipit a, feugiat et, eros.', 3, '2023-09-21 00:29:58', '2023-09-21 16:59:58');
insert into events.event (creator_user_id, title, description, department_id, starts_at, ends_at) values ( 16, 'Aliquam non mauris.', 'Proin risus. Praesent lectus. Vestibulum quam sapien, varius ut, blandit non, interdum in, ante.', 16, '2023-06-21 13:14:13', '2023-06-22 11:15:13');
insert into events.event (creator_user_id, title, description, department_id, starts_at, ends_at) values ( 15, 'Suspendisse potenti.', 'Nulla ut erat id mauris vulputate elementum. Nullam varius. Nulla facilisi. Cras non velit nec nisi vulputate nonummy.', 15, '2024-03-20 13:17:33', '2024-03-20 21:09:33');
insert into events.event_tag (event_id, tag_id) values (10, 3);
insert into events.event_tag (event_id, tag_id) values (13, 8);
insert into events.event_tag (event_id, tag_id) values (1, 2);
insert into events.event_tag (event_id, tag_id) values (14, 14);
insert into events.event_tag (event_id, tag_id) values (4, 5);
insert into events.event_tag (event_id, tag_id) values (20, 1);
insert into events.event_tag (event_id, tag_id) values (13, 19);
insert into events.event_tag (event_id, tag_id) values (3, 6);
insert into events.event_tag (event_id, tag_id) values (3, 8);
insert into events.event_tag (event_id, tag_id) values (2, 1);
insert into events.event_tag (event_id, tag_id) values (9, 5);
insert into events.event_tag (event_id, tag_id) values (17, 1);
insert into events.event_tag (event_id, tag_id) values (2, 2);
insert into events.event_tag (event_id, tag_id) values (8, 13);
insert into events.event_tag (event_id, tag_id) values (10, 8);
insert into events.event_tag (event_id, tag_id) values (16, 2);
insert into events.event_tag (event_id, tag_id) values (1, 19);
insert into events.event_tag (event_id, tag_id) values (7, 3);
insert into events.event_tag (event_id, tag_id) values (9, 8);
insert into events.event_tag (event_id, tag_id) values (20, 17);
